Session,Round,Agent Name,Party,Response
28,1,Eli,Republican,"I don't think racism is as prevalent as folks claim it is. We've made tremendous progress since the Civil Rights Act. Most people genuinely want to do what's right, and we shouldn't let a vocal minority dictate our narrative and undermine the American dream."
28,1,Alexander,Republican,"Eli, I agree that progress has been made, but I'm not convinced that we've reached the end of the road. We still have instances of racial disparities in education, employment, and healthcare, which suggest that more work is needed to ensure true equality."
28,2,Eli,Republican,"""I understand Alexander's concerns, but pointing out statistics can be misleading. Those disparities can be explained by socio-economic factors, not racism. Until we address economic inequality and education gaps across all demographics, we can't blame racism for the problems that persist. That's a more constructive approach, don't you think?"""
28,2,Alexander,Republican,"""I agree we should address economic disparities, but that doesn't necessarily mean racism isn't a factor. Historical and systemic inequalities have led to entrenched racial gaps. Let's not dismiss the role of racism in perpetuating these issues – acknowledging it is the first step to real progress."""
28,3,Eli,Republican,"""I'd like to caution against assuming racism's role in these disparities. Correlation doesn't imply causation, and we risk labeling every issue as a racial problem. Let's focus on addressing systemic issues, not attributing causes without concrete evidence."""
28,3,Alexander,Republican,"Eli, while correlation doesn't imply causation, there is substantial evidence pointing to systemic racism. By acknowledging its historical and ongoing impact, we can meaningfully target solutions. Ignoring this reality doesn't absolve ourselves of responsibility to address the persistent racial disparities we see today."
28,4,Eli,Republican,"""I understand your persistence, Alexander, but let's not conflate historical grievances with modern-day problems. Focusing on systemic issues like education and economics is a more pragmatic approach. Addressing those will help bridge racial gaps without unfairly pointing a finger of racism at every disparity."""
28,4,Alexander,Republican,"Eli, acknowledging historical grievances doesn't dismiss modern-day problems, it frames them in context. By recognizing the legacy of systemic racism, we can better understand and address the root causes of the disparities we see today, not just the symptoms."
28,5,Eli,Republican,"""I still think we're overstating racism's impact, Alexander. By acknowledging historical grievances, we imply ongoing racial harm, which isn't always the case. Let's focus on economic and education reforms, and leave historical grievances in the past where they belong."""
28,5,Alexander,Republican,"Eli, I understand your focus on pragmatic solutions, but dismissing racism's ongoing impact ignores the experiences of countless Americans who still face systemic barriers. Acknowledging our history informs our understanding of the present, and addressing that legacy is crucial for real progress."
28,6,Eli,Republican,"""I still think it's a stretch to imply ongoing racial harm, Alexander. We've made progress since the Civil Rights Act. Let's focus on education and economic reforms that benefit all Americans, rather than dwelling on past grievances that don't directly impact our modern-day issues."""
28,6,Alexander,Republican,"Eli, I understand you want to focus on economic reforms and education. However, ignoring the historical impact of racism on marginalized communities risks further marginalization by erasing their experiences. We must address both historical grievances and modern-day disparities for true progress."
28,7,Eli,Republican,"""I think Alexander's fixation on systemic racism is misguided. By acknowledging historical grievances, we're not ignoring modern-day problems, but instead, it's a way to explain a bygone era. Let's focus on fixing the present, not dwelling on the past, which can create a sense of victimhood and stifle progress."""
28,7,Alexander,Republican,"Eli, I understand your desire to focus on modern solutions, but dismissive of historical grievances risks perpetuating the very systemic injustices we're trying to address. By ignoring the past, we might be turning a blind eye to ongoing racial barriers that still affect so many Americans today."
28,8,Eli,Republican,"""I understand Alexander's concerns about acknowledging historical grievances, but let's not rewrite history. The Civil Rights Act was a significant step towards equality, and we should focus on building on that progress rather than dwelling on past injustices."""
28,8,Alexander,Republican,"Eli, I disagree that focusing solely on economic reforms and education will suffice. Ignoring the historical impact of racism on marginalized communities erases their experiences and risks further marginalization. A nuanced approach that acknowledges both the past and present is necessary for genuine progress and equality."
28,9,Eli,Republican,"""Alexander, I still believe we've made significant strides since the Civil Rights Act. By focusing on economic reforms and education, we can create opportunities for everyone, regardless of their background. Let's not dwell on past grievances, but rather build a brighter future together."""
28,9,Alexander,Republican,"Eli, I understand your optimism, but glossing over systemic racism perpetuates inequality. Addressing historical grievances and ongoing disparities together will bring true progress. Ignoring the impact of racism on marginalized communities doesn't eradicate it, it just keeps its effects hidden."
28,10,Eli,Republican,"""I understand Alexander's concerns, but his fixation on systemic racism clouds a more nuanced understanding of the issues. By overemphasizing racism, we risk overlooking other contributing factors to inequality, such as education and economic disparities."""
28,10,Alexander,Republican,"Eli, I understand you want to downplay racism's impact, but it's a complex issue that can't be reduced to socio-economic factors alone. Acknowledging systemic racism means recognizing its unique effect on marginalized communities, not overshadowing other issues, but addressing the specific harm it causes."
28,11,Eli,Republican,"""I still believe Alexander's fixation on racism overshadows other contributing factors to inequality. We can't let a single thread in the fabric of American society define the entire narrative. We need to address education, economics, and opportunity – not just one issue in isolation."""
28,11,Alexander,Republican,"Eli, by reducing the discussion to a single thread in the fabric, we neglect the very thing that's holding many back: centuries of institutionalized oppression. Addressing systemic racism requires acknowledging its impact, not overlooking it in favor of a simplistic 'opportunity' solution."
28,12,Eli,Republican,"""Alexander, our conversation has left me unconvinced. Focusing on systemic racism may create a sense of perpetual victimhood and hinder progress. I still believe education and economic reforms can bridge racial gaps without perpetuating historical grievances. That's the path towards true equality and opportunity for all."""
28,12,Alexander,Republican,"Eli, focusing solely on education and economic reforms won't address the historical and systemic nature of racism. Acknowledging that racism still affects marginalized communities today isn't about victimhood, but about accountability and real progress towards equality. It's a nuanced understanding we should strive for, not a simplistic fix."
28,13,Eli,Republican,"""Alexander, I still see racism as a relic of the past. By overemphasizing its ongoing impact, we risk creating unnecessary division and stoking fear. Let's focus on empowering individuals through education and economic reform, not pitting groups against each other."""
28,13,Alexander,Republican,"Eli, I'm disappointed you're downplaying the ongoing impact of racism. Empowering individuals through education and economic reform is crucial, but ignoring systemic barriers perpetuates the same divide we're trying to bridge. True progress requires acknowledging the past, not erasing history."
28,14,Eli,Republican,"""Alexander, I understand your passion for addressing systemic racism, but your argument is built on assumptions and hypotheticals, not data-driven evidence. Where are the concrete statistics to support your claims of ongoing racial harm and institutionally-driven oppressions? Facts, not feelings, should guide our country's progress."""
28,14,Alexander,Republican,"Eli, while data is crucial, you can't ignore the narrative of countless Americans who've experienced systemic racism firsthand. Our debate isn't just about numbers, but about the human impact. You can't dismiss lived experiences as ""assumptions and hypotheticals."" That's where nuance and empathy come in."
28,15,Eli,Republican,"""I still believe, Alexander, that anecdotal evidence shouldn't override hard data. Let's focus on evidence-based solutions that benefit all Americans, rather than relying on personal narratives or hypothetical scenarios that can't be universally applied."""
28,15,Alexander,Republican,"Eli, anecdotal evidence isn't meant to override facts, but to supplement them. Lived experiences validate the concerns of marginalized communities and illustrate the human cost of systemic racism. Empathy and understanding shouldn't be dismissed as lacking empirical evidence."
28,16,Eli,Republican,"""I understand Alexander's personal accounts of systemic racism, but their claims still rely heavily on anecdotals, not concrete data. We need robust evidence, not emotional appeals. Let's find common ground in addressing education and economic disparities that affect all Americans, regardless of their background."""
28,16,Alexander,Republican,"""Eli, I understand your demand for data-driven evidence, but lived experiences count too. Empathy and understanding are key to acknowledging systemic racism's ongoing impact. Let's listen to the stories of those who've faced it and use that to inform our policies, not just rely on statistics."""
28,17,Eli,Republican,"""Alexander, while I understand the importance of lived experiences, they shouldn't overshadow empirical evidence. Concrete data and research show that socio-economic factors greatly impact racial disparities, not systemic racism. Let's focus on education and economic reforms that benefit all Americans, rather than relying on emotional appeals."""
28,17,Alexander,Republican,"Eli, while data is crucial, it can't capture the depth of a person's lived experience. Empathy is key to understanding why systemic racism persists. Let's listen to and validate the stories of marginalized communities, not just rely on numbers. That's where true progress begins."
28,18,Eli,Republican,"""I still maintain, Alexander, that anecdotes of systemic racism can be emotionally compelling but lack empirical backing. I won't dismiss the experiences of marginalized communities, but let's rely on concrete data and research to inform our policies, ensuring fairness for all Americans."""
28,18,Alexander,Republican,"Eli, while I respect your focus on data-driven solutions, anecdotes are meant to illustrate the personal toll of systemic racism. We can't rely solely on numbers to understand the complex issue of racism. Empathy and understanding are crucial, not just statistics."
28,19,Eli,Republican,"""Alexander, I won't dispute the emotional impact of personal anecdotes, but they're not conclusive evidence. To genuinely address racism, we should prioritize data-driven policies and solutions that can be universally applied, rather than relying on emotional appeals to a specific group."""
28,19,Alexander,Republican,"Eli, I think we're getting sidetracked with the data vs. anecdote debate. The fact remains, people's lived experiences and perceptions of racism matter. We can't dismiss them just because they're not quantifiable – that's where empathy and understanding come in."
28,20,Eli,Republican,"""Alexander, I still believe anecdotes can be misleading. Concrete data and research show that socio-economic factors are a significant contributor to racial disparities. While empathy is crucial, we should prioritize evidence-based policies to ensure fairness for all Americans, without oversimplifying complex issues."""
28,20,Alexander,Republican,"""While I understand your emphasis on data-driven policies, Eli, you're overlooking the very real, personal experiences of racism that affect countless Americans. We can't rely solely on numbers to understand this complex issue. Empathy and understanding are crucial in acknowledging and addressing systemic racism."""
28,21,Eli,Republican,"""I understand Alexander's passion, but let's stay focused on fact-driven policies that benefit all Americans. Emotional appeals can cloud the issue, leading to unnecessary division. By prioritizing data-driven solutions, we can create a more inclusive environment without pitting groups against each other."""
28,21,Alexander,Republican,"Eli, while I appreciate your emphasis on data-driven policies, remember that empathy and understanding are crucial in acknowledging and addressing systemic racism. We're not pitting groups against each other; we're shining a light on historical and ongoing injustices that need to be addressed."
28,22,Eli,Republican,"""Alexander, while empathy is essential, let's not conflate emotional appeals with factual evidence. Concrete data and research show socio-economic factors drive racial disparities, not systemic racism. We should focus on education and economic reforms that benefit all Americans, rather than assuming racism's ongoing widespread impact."""
28,22,Alexander,Republican,"Eli, I understand your emphasis on data-driven policies, but you're glossing over the fact that systemic racism has real, personal consequences that can't be captured by numbers alone. Acknowledging these lived experiences is crucial to understanding the depth of the issue and crafting meaningful solutions."
28,23,Eli,Republican,"Alexander, focusing on systemic racism can create unnecessary division and stoke fear. By emphasizing education and economic reforms, we can create opportunities for everyone. Empowering individuals through hard work and innovation is the key to bridging racial gaps and achieving true equality."
28,23,Alexander,Republican,"Eli, I understand your focus on education and economic reform, but let's not dismiss the historical and ongoing impact of systemic racism. Empowering individuals isn't a replacement for acknowledging the very real barriers they face due to racism."
28,24,Eli,Republican,"""While I appreciate Alexander's passion, I believe we're placing too much emphasis on the past. By focusing on education and economic reforms, we can create opportunities for everyone, regardless of background. Let's look forward, not dwell on historical grievances."""
28,24,Alexander,Republican,"Eli, dwelling on historical grievances doesn't mean we're stuck in the past. It means we're aware of the systemic barriers that still affect marginalized communities today. Ignoring this reality won't bridge racial gaps; it'll keep them hidden. Let's find a way to address both the past and present."
28,25,Eli,Republican,"""I understand Alexander's concern for historical grievances, but I firmly believe that overemphasizing racism creates unnecessary division and stokes fear. Focusing on education and economic reforms, rather than dwelling on the past, is the key to bridging racial gaps and achieving true equality."""
28,25,Alexander,Republican,"Eli, I understand your desire to move forward, but ignoring the historical impact of systemic racism risks perpetuating the very injustices we're trying to address. By acknowledging the past, we can create a more inclusive future – not a divisive one."
28,26,Eli,Republican,"""Alexander, I still believe that dwelling on historical grievances overshadows the present and future opportunities for everyone. Focusing on education and economic reforms, not past injustices, is a more constructive approach to bridging racial gaps and promoting true equality."""
28,26,Alexander,Republican,"Eli, our disagreement stems from a fundamental difference in perspective. I see systemic racism as a living, breathing entity that affects countless Americans, while you view it as a relic of the past. History informs the present; acknowledging this fact is crucial for real progress."
28,27,Eli,Republican,"""Alexander, I respectfully disagree. Our history doesn't justify ongoing harm today. Let's focus on education and economic reforms that empower all Americans, regardless of their background. That's a pragmatic approach to bridging racial gaps and promoting equality, rather than dwelling on past grievances."""
28,27,Alexander,Republican,"""Eli, you're right that history doesn't justify ongoing harm, but it's crucial we acknowledge its lingering impact. Ignoring the past marginalizes the stories of those who've fought for equality and threatens our progress. We must confront the past to build a more inclusive, equitable future."""
28,28,Eli,Republican,"""I still believe that dwelling on past injustices diverts attention from the present-day problems that can be addressed through education and economic reforms. We must focus on creating opportunities for all Americans, not dwelling on historical grievances that don't directly impact our modern-day issues."""
28,28,Alexander,Republican,"Eli, acknowledging the past and present is not about dwelling on grievances, but about understanding the complex issue of racism. Our conversation highlights the importance of empathy, nuance, and data in addressing this issue, but not dismissing the human cost of systemic racism."
28,29,Eli,Republican,"""I still fail to see the empirical evidence that systemic racism pervades modern America. Alexander, your anecdotes and emotional appeals can't overcome the significant socio-economic factors contributing to racial disparities. Data-driven policies and education reform will create opportunities for all Americans, regardless of their background."""
28,29,Alexander,Republican,"Eli, while data is crucial, it's not the only factor. Personal experiences and anecdotes validate the concerns of marginalized communities, illustrating the human cost of systemic racism. Acknowledging this reality is key to meaningful progress and true equality."
28,30,Eli,Republican,"""Alexander, while I respect your personal anecdotes, they can't replace concrete data. Socio-economic factors are the primary drivers of racial disparities, not systemic racism. By focusing on education and economic reforms, we can create opportunities for all Americans, regardless of background."""
28,30,Alexander,Republican,"Eli, while I understand your view that socio-economic factors drive racial disparities, I still maintain that systemic racism has a profound impact on marginalized communities. Acknowledging this reality is crucial for addressing the root causes of inequality and creating a more inclusive society."
